{
  "_format": "hh-sol-cache-2",
  "files": {
    "C:\\Users\\abhay\\OneDrive\\Desktop\\healthcare-app\\blockchain\\contracts\\Lock.sol": {
      "lastModificationDate": 1682315484003,
      "contentHash": "ae66265769cc28ebdaa34881df95bc5e",
      "sourceName": "contracts/Lock.sol",
      "solcConfig": {
        "version": "0.8.18",
        "settings": {
          "optimizer": {
            "enabled": false,
            "runs": 200
          },
          "outputSelection": {
            "*": {
              "*": [
                "abi",
                "evm.bytecode",
                "evm.deployedBytecode",
                "evm.methodIdentifiers",
                "metadata"
              ],
              "": [
                "ast"
              ]
            }
          }
        }
      },
      "imports": [],
      "versionPragmas": [
        "^0.8.9"
      ],
      "artifacts": [
        "Lock"
      ]
    },
    "C:\\Users\\abhay\\OneDrive\\Desktop\\healthcare-app\\blockchain\\contracts\\PrescriptionContract.sol": {
      "lastModificationDate": 1682365646961,
      "contentHash": "9f73a291c790bebe011e211a168c64e4",
      "sourceName": "contracts/PrescriptionContract.sol",
      "solcConfig": {
        "version": "0.8.18",
        "settings": {
          "optimizer": {
            "enabled": false,
            "runs": 200
          },
          "outputSelection": {
            "*": {
              "*": [
                "abi",
                "evm.bytecode",
                "evm.deployedBytecode",
                "evm.methodIdentifiers",
                "metadata"
              ],
              "": [
                "ast"
              ]
            }
          }
        }
      },
      "imports": [],
      "versionPragmas": [
        "^0.8.0"
      ],
      "artifacts": [
        "PrescriptionContract"
      ]
    }
  }
}
